text,label
The quarterly financial report is attached.,Work & Projects
Can you review the pull request before EOD?,Work & Projects
Here is the agenda for the sprint planning session.,Work & Projects
Let's schedule a call to discuss the new project.,Work & Projects
Project status meeting tomorrow,Work & Projects
Jira ticket updated,Work & Projects
The quarterly financial report is attached.,Work & Projects
Can you review the pull request before EOD?,Work & Projects
Here is the agenda for the sprint planning session.,Work & Projects
Let's schedule a call to discuss the new project.,Work & Projects
Project status meeting tomorrow,Work & Projects
Jira ticket updated,Work & Projects
The quarterly financial report is attached.,Work & Projects
Can you review the pull request before EOD?,Work & Projects
Here is the agenda for the sprint planning session.,Work & Projects
Let's schedule a call to discuss the new project.,Work & Projects
Project status meeting tomorrow,Work & Projects
Jira ticket updated,Work & Projects
The quarterly financial report is attached.,Work & Projects
Can you review the pull request before EOD?,Work & Projects
Here is the agenda for the sprint planning session.,Work & Projects
Let's schedule a call to discuss the new project.,Work & Projects
Project status meeting tomorrow,Work & Projects
Jira ticket updated,Work & Projects
The quarterly financial report is attached.,Work & Projects
Can you review the pull request before EOD?,Work & Projects
Here is the agenda for the sprint planning session.,Work & Projects
Let's schedule a call to discuss the new project.,Work & Projects
Project status meeting tomorrow,Work & Projects
Jira ticket updated,Work & Projects
The quarterly financial report is attached.,Work & Projects
Can you review the pull request before EOD?,Work & Projects
Here is the agenda for the sprint planning session.,Work & Projects
Let's schedule a call to discuss the new project.,Work & Projects
Project status meeting tomorrow,Work & Projects
Jira ticket updated,Work & Projects
The quarterly financial report is attached.,Work & Projects
Can you review the pull request before EOD?,Work & Projects
Here is the agenda for the sprint planning session.,Work & Projects
Let's schedule a call to discuss the new project.,Work & Projects
Project status meeting tomorrow,Work & Projects
Jira ticket updated,Work & Projects
The quarterly financial report is attached.,Work & Projects
Can you review the pull request before EOD?,Work & Projects
Here is the agenda for the sprint planning session.,Work & Projects
Let's schedule a call to discuss the new project.,Work & Projects
Project status meeting tomorrow,Work & Projects
Jira ticket updated,Work & Projects
The quarterly financial report is attached.,Work & Projects
Can you review the pull request before EOD?,Work & Projects
Here is the agenda for the sprint planning session.,Work & Projects
Let's schedule a call to discuss the new project.,Work & Projects
Project status meeting tomorrow,Work & Projects
Jira ticket updated,Work & Projects
The quarterly financial report is attached.,Work & Projects
Can you review the pull request before EOD?,Work & Projects
Here is the agenda for the sprint planning session.,Work & Projects
Let's schedule a call to discuss the new project.,Work & Projects
Project status meeting tomorrow,Work & Projects
Jira ticket updated,Work & Projects
The quarterly financial report is attached.,Work & Projects
Can you review the pull request before EOD?,Work & Projects
Here is the agenda for the sprint planning session.,Work & Projects
Let's schedule a call to discuss the new project.,Work & Projects
Project status meeting tomorrow,Work & Projects
Jira ticket updated,Work & Projects
The quarterly financial report is attached.,Work & Projects
Can you review the pull request before EOD?,Work & Projects
Here is the agenda for the sprint planning session.,Work & Projects
Let's schedule a call to discuss the new project.,Work & Projects
Project status meeting tomorrow,Work & Projects
Jira ticket updated,Work & Projects
The quarterly financial report is attached.,Work & Projects
Can you review the pull request before EOD?,Work & Projects
Here is the agenda for the sprint planning session.,Work & Projects
Let's schedule a call to discuss the new project.,Work & Projects
Project status meeting tomorrow,Work & Projects
Jira ticket updated,Work & Projects
The quarterly financial report is attached.,Work & Projects
Can you review the pull request before EOD?,Work & Projects
Here is the agenda for the sprint planning session.,Work & Projects
Let's schedule a call to discuss the new project.,Work & Projects
Project status meeting tomorrow,Work & Projects
Jira ticket updated,Work & Projects
The quarterly financial report is attached.,Work & Projects
Can you review the pull request before EOD?,Work & Projects
Here is the agenda for the sprint planning session.,Work & Projects
Let's schedule a call to discuss the new project.,Work & Projects
Project status meeting tomorrow,Work & Projects
Jira ticket updated,Work & Projects
The quarterly financial report is attached.,Work & Projects
Can you review the pull request before EOD?,Work & Projects
Here is the agenda for the sprint planning session.,Work & Projects
Let's schedule a call to discuss the new project.,Work & Projects
Project status meeting tomorrow,Work & Projects
Jira ticket updated,Work & Projects
The quarterly financial report is attached.,Work & Projects
Can you review the pull request before EOD?,Work & Projects
Here is the agenda for the sprint planning session.,Work & Projects
Let's schedule a call to discuss the new project.,Work & Projects
Project status meeting tomorrow,Work & Projects
Jira ticket updated,Work & Projects
The quarterly financial report is attached.,Work & Projects
Can you review the pull request before EOD?,Work & Projects
Here is the agenda for the sprint planning session.,Work & Projects
Let's schedule a call to discuss the new project.,Work & Projects
Project status meeting tomorrow,Work & Projects
Jira ticket updated,Work & Projects
The quarterly financial report is attached.,Work & Projects
Can you review the pull request before EOD?,Work & Projects
Here is the agenda for the sprint planning session.,Work & Projects
Let's schedule a call to discuss the new project.,Work & Projects
Project status meeting tomorrow,Work & Projects
Jira ticket updated,Work & Projects
The quarterly financial report is attached.,Work & Projects
Can you review the pull request before EOD?,Work & Projects
Here is the agenda for the sprint planning session.,Work & Projects
Let's schedule a call to discuss the new project.,Work & Projects
Project status meeting tomorrow,Work & Projects
Jira ticket updated,Work & Projects
New jobs similar to Data Analyst,Education & Career
placements@codegnan.com: New form assigned,Education & Career
Interview scheduled for tomorrow,Education & Career
Technical interview scheduled,Education & Career
Course enrollment confirmed,Education & Career
Recruiter message,Education & Career
New jobs similar to Data Analyst,Education & Career
placements@codegnan.com: New form assigned,Education & Career
Interview scheduled for tomorrow,Education & Career
Technical interview scheduled,Education & Career
Course enrollment confirmed,Education & Career
Recruiter message,Education & Career
New jobs similar to Data Analyst,Education & Career
placements@codegnan.com: New form assigned,Education & Career
Interview scheduled for tomorrow,Education & Career
Technical interview scheduled,Education & Career
Course enrollment confirmed,Education & Career
Recruiter message,Education & Career
New jobs similar to Data Analyst,Education & Career
placements@codegnan.com: New form assigned,Education & Career
Interview scheduled for tomorrow,Education & Career
Technical interview scheduled,Education & Career
Course enrollment confirmed,Education & Career
Recruiter message,Education & Career
New jobs similar to Data Analyst,Education & Career
placements@codegnan.com: New form assigned,Education & Career
Interview scheduled for tomorrow,Education & Career
Technical interview scheduled,Education & Career
Course enrollment confirmed,Education & Career
Recruiter message,Education & Career
New jobs similar to Data Analyst,Education & Career
placements@codegnan.com: New form assigned,Education & Career
Interview scheduled for tomorrow,Education & Career
Technical interview scheduled,Education & Career
Course enrollment confirmed,Education & Career
Recruiter message,Education & Career
New jobs similar to Data Analyst,Education & Career
placements@codegnan.com: New form assigned,Education & Career
Interview scheduled for tomorrow,Education & Career
Technical interview scheduled,Education & Career
Course enrollment confirmed,Education & Career
Recruiter message,Education & Career
New jobs similar to Data Analyst,Education & Career
placements@codegnan.com: New form assigned,Education & Career
Interview scheduled for tomorrow,Education & Career
Technical interview scheduled,Education & Career
Course enrollment confirmed,Education & Career
Recruiter message,Education & Career
New jobs similar to Data Analyst,Education & Career
placements@codegnan.com: New form assigned,Education & Career
Interview scheduled for tomorrow,Education & Career
Technical interview scheduled,Education & Career
Course enrollment confirmed,Education & Career
Recruiter message,Education & Career
New jobs similar to Data Analyst,Education & Career
placements@codegnan.com: New form assigned,Education & Career
Interview scheduled for tomorrow,Education & Career
Technical interview scheduled,Education & Career
Course enrollment confirmed,Education & Career
Recruiter message,Education & Career
New jobs similar to Data Analyst,Education & Career
placements@codegnan.com: New form assigned,Education & Career
Interview scheduled for tomorrow,Education & Career
Technical interview scheduled,Education & Career
Course enrollment confirmed,Education & Career
Recruiter message,Education & Career
New jobs similar to Data Analyst,Education & Career
placements@codegnan.com: New form assigned,Education & Career
Interview scheduled for tomorrow,Education & Career
Technical interview scheduled,Education & Career
Course enrollment confirmed,Education & Career
Recruiter message,Education & Career
New jobs similar to Data Analyst,Education & Career
placements@codegnan.com: New form assigned,Education & Career
Interview scheduled for tomorrow,Education & Career
Technical interview scheduled,Education & Career
Course enrollment confirmed,Education & Career
Recruiter message,Education & Career
New jobs similar to Data Analyst,Education & Career
placements@codegnan.com: New form assigned,Education & Career
Interview scheduled for tomorrow,Education & Career
Technical interview scheduled,Education & Career
Course enrollment confirmed,Education & Career
Recruiter message,Education & Career
New jobs similar to Data Analyst,Education & Career
placements@codegnan.com: New form assigned,Education & Career
Interview scheduled for tomorrow,Education & Career
Technical interview scheduled,Education & Career
Course enrollment confirmed,Education & Career
Recruiter message,Education & Career
New jobs similar to Data Analyst,Education & Career
placements@codegnan.com: New form assigned,Education & Career
Interview scheduled for tomorrow,Education & Career
Technical interview scheduled,Education & Career
Course enrollment confirmed,Education & Career
Recruiter message,Education & Career
New jobs similar to Data Analyst,Education & Career
placements@codegnan.com: New form assigned,Education & Career
Interview scheduled for tomorrow,Education & Career
Technical interview scheduled,Education & Career
Course enrollment confirmed,Education & Career
Recruiter message,Education & Career
New jobs similar to Data Analyst,Education & Career
placements@codegnan.com: New form assigned,Education & Career
Interview scheduled for tomorrow,Education & Career
Technical interview scheduled,Education & Career
Course enrollment confirmed,Education & Career
Recruiter message,Education & Career
New jobs similar to Data Analyst,Education & Career
placements@codegnan.com: New form assigned,Education & Career
Interview scheduled for tomorrow,Education & Career
Technical interview scheduled,Education & Career
Course enrollment confirmed,Education & Career
Recruiter message,Education & Career
New jobs similar to Data Analyst,Education & Career
placements@codegnan.com: New form assigned,Education & Career
Interview scheduled for tomorrow,Education & Career
Technical interview scheduled,Education & Career
Course enrollment confirmed,Education & Career
Recruiter message,Education & Career
Your invoice #1234 is due next week.,Finance & Payments
Bank statement for July 2026 is ready.,Finance & Payments
Tax documents attached for review.,Finance & Payments
Credit card payment due,Finance & Payments
Payment received for your subscription.,Finance & Payments
Your invoice #1234 is due next week.,Finance & Payments
Bank statement for July 2026 is ready.,Finance & Payments
Tax documents attached for review.,Finance & Payments
Credit card payment due,Finance & Payments
Payment received for your subscription.,Finance & Payments
Your invoice #1234 is due next week.,Finance & Payments
Bank statement for July 2026 is ready.,Finance & Payments
Tax documents attached for review.,Finance & Payments
Credit card payment due,Finance & Payments
Payment received for your subscription.,Finance & Payments
Your invoice #1234 is due next week.,Finance & Payments
Bank statement for July 2026 is ready.,Finance & Payments
Tax documents attached for review.,Finance & Payments
Credit card payment due,Finance & Payments
Payment received for your subscription.,Finance & Payments
Your invoice #1234 is due next week.,Finance & Payments
Bank statement for July 2026 is ready.,Finance & Payments
Tax documents attached for review.,Finance & Payments
Credit card payment due,Finance & Payments
Payment received for your subscription.,Finance & Payments
Your invoice #1234 is due next week.,Finance & Payments
Bank statement for July 2026 is ready.,Finance & Payments
Tax documents attached for review.,Finance & Payments
Credit card payment due,Finance & Payments
Payment received for your subscription.,Finance & Payments
Your invoice #1234 is due next week.,Finance & Payments
Bank statement for July 2026 is ready.,Finance & Payments
Tax documents attached for review.,Finance & Payments
Credit card payment due,Finance & Payments
Payment received for your subscription.,Finance & Payments
Your invoice #1234 is due next week.,Finance & Payments
Bank statement for July 2026 is ready.,Finance & Payments
Tax documents attached for review.,Finance & Payments
Credit card payment due,Finance & Payments
Payment received for your subscription.,Finance & Payments
Your invoice #1234 is due next week.,Finance & Payments
Bank statement for July 2026 is ready.,Finance & Payments
Tax documents attached for review.,Finance & Payments
Credit card payment due,Finance & Payments
Payment received for your subscription.,Finance & Payments
Your invoice #1234 is due next week.,Finance & Payments
Bank statement for July 2026 is ready.,Finance & Payments
Tax documents attached for review.,Finance & Payments
Credit card payment due,Finance & Payments
Payment received for your subscription.,Finance & Payments
Your invoice #1234 is due next week.,Finance & Payments
Bank statement for July 2026 is ready.,Finance & Payments
Tax documents attached for review.,Finance & Payments
Credit card payment due,Finance & Payments
Payment received for your subscription.,Finance & Payments
Your invoice #1234 is due next week.,Finance & Payments
Bank statement for July 2026 is ready.,Finance & Payments
Tax documents attached for review.,Finance & Payments
Credit card payment due,Finance & Payments
Payment received for your subscription.,Finance & Payments
Your invoice #1234 is due next week.,Finance & Payments
Bank statement for July 2026 is ready.,Finance & Payments
Tax documents attached for review.,Finance & Payments
Credit card payment due,Finance & Payments
Payment received for your subscription.,Finance & Payments
Your invoice #1234 is due next week.,Finance & Payments
Bank statement for July 2026 is ready.,Finance & Payments
Tax documents attached for review.,Finance & Payments
Credit card payment due,Finance & Payments
Payment received for your subscription.,Finance & Payments
Your invoice #1234 is due next week.,Finance & Payments
Bank statement for July 2026 is ready.,Finance & Payments
Tax documents attached for review.,Finance & Payments
Credit card payment due,Finance & Payments
Payment received for your subscription.,Finance & Payments
Your invoice #1234 is due next week.,Finance & Payments
Bank statement for July 2026 is ready.,Finance & Payments
Tax documents attached for review.,Finance & Payments
Credit card payment due,Finance & Payments
Payment received for your subscription.,Finance & Payments
Your invoice #1234 is due next week.,Finance & Payments
Bank statement for July 2026 is ready.,Finance & Payments
Tax documents attached for review.,Finance & Payments
Credit card payment due,Finance & Payments
Payment received for your subscription.,Finance & Payments
Your invoice #1234 is due next week.,Finance & Payments
Bank statement for July 2026 is ready.,Finance & Payments
Tax documents attached for review.,Finance & Payments
Credit card payment due,Finance & Payments
Payment received for your subscription.,Finance & Payments
Your invoice #1234 is due next week.,Finance & Payments
Bank statement for July 2026 is ready.,Finance & Payments
Tax documents attached for review.,Finance & Payments
Credit card payment due,Finance & Payments
Payment received for your subscription.,Finance & Payments
Your invoice #1234 is due next week.,Finance & Payments
Bank statement for July 2026 is ready.,Finance & Payments
Tax documents attached for review.,Finance & Payments
Credit card payment due,Finance & Payments
Payment received for your subscription.,Finance & Payments
Your Amazon order has shipped.,Orders & Shopping
Your delivery is arriving today.,Orders & Shopping
Receipt for your recent purchase,Orders & Shopping
Your order has been shipped,Orders & Shopping
Invoice for order #8849,Orders & Shopping
Your Amazon order has shipped.,Orders & Shopping
Your delivery is arriving today.,Orders & Shopping
Receipt for your recent purchase,Orders & Shopping
Your order has been shipped,Orders & Shopping
Invoice for order #8849,Orders & Shopping
Your Amazon order has shipped.,Orders & Shopping
Your delivery is arriving today.,Orders & Shopping
Receipt for your recent purchase,Orders & Shopping
Your order has been shipped,Orders & Shopping
Invoice for order #8849,Orders & Shopping
Your Amazon order has shipped.,Orders & Shopping
Your delivery is arriving today.,Orders & Shopping
Receipt for your recent purchase,Orders & Shopping
Your order has been shipped,Orders & Shopping
Invoice for order #8849,Orders & Shopping
Your Amazon order has shipped.,Orders & Shopping
Your delivery is arriving today.,Orders & Shopping
Receipt for your recent purchase,Orders & Shopping
Your order has been shipped,Orders & Shopping
Invoice for order #8849,Orders & Shopping
Your Amazon order has shipped.,Orders & Shopping
Your delivery is arriving today.,Orders & Shopping
Receipt for your recent purchase,Orders & Shopping
Your order has been shipped,Orders & Shopping
Invoice for order #8849,Orders & Shopping
Your Amazon order has shipped.,Orders & Shopping
Your delivery is arriving today.,Orders & Shopping
Receipt for your recent purchase,Orders & Shopping
Your order has been shipped,Orders & Shopping
Invoice for order #8849,Orders & Shopping
Your Amazon order has shipped.,Orders & Shopping
Your delivery is arriving today.,Orders & Shopping
Receipt for your recent purchase,Orders & Shopping
Your order has been shipped,Orders & Shopping
Invoice for order #8849,Orders & Shopping
Your Amazon order has shipped.,Orders & Shopping
Your delivery is arriving today.,Orders & Shopping
Receipt for your recent purchase,Orders & Shopping
Your order has been shipped,Orders & Shopping
Invoice for order #8849,Orders & Shopping
Your Amazon order has shipped.,Orders & Shopping
Your delivery is arriving today.,Orders & Shopping
Receipt for your recent purchase,Orders & Shopping
Your order has been shipped,Orders & Shopping
Invoice for order #8849,Orders & Shopping
Your Amazon order has shipped.,Orders & Shopping
Your delivery is arriving today.,Orders & Shopping
Receipt for your recent purchase,Orders & Shopping
Your order has been shipped,Orders & Shopping
Invoice for order #8849,Orders & Shopping
Your Amazon order has shipped.,Orders & Shopping
Your delivery is arriving today.,Orders & Shopping
Receipt for your recent purchase,Orders & Shopping
Your order has been shipped,Orders & Shopping
Invoice for order #8849,Orders & Shopping
Your Amazon order has shipped.,Orders & Shopping
Your delivery is arriving today.,Orders & Shopping
Receipt for your recent purchase,Orders & Shopping
Your order has been shipped,Orders & Shopping
Invoice for order #8849,Orders & Shopping
Your Amazon order has shipped.,Orders & Shopping
Your delivery is arriving today.,Orders & Shopping
Receipt for your recent purchase,Orders & Shopping
Your order has been shipped,Orders & Shopping
Invoice for order #8849,Orders & Shopping
Your Amazon order has shipped.,Orders & Shopping
Your delivery is arriving today.,Orders & Shopping
Receipt for your recent purchase,Orders & Shopping
Your order has been shipped,Orders & Shopping
Invoice for order #8849,Orders & Shopping
Your Amazon order has shipped.,Orders & Shopping
Your delivery is arriving today.,Orders & Shopping
Receipt for your recent purchase,Orders & Shopping
Your order has been shipped,Orders & Shopping
Invoice for order #8849,Orders & Shopping
Your Amazon order has shipped.,Orders & Shopping
Your delivery is arriving today.,Orders & Shopping
Receipt for your recent purchase,Orders & Shopping
Your order has been shipped,Orders & Shopping
Invoice for order #8849,Orders & Shopping
Your Amazon order has shipped.,Orders & Shopping
Your delivery is arriving today.,Orders & Shopping
Receipt for your recent purchase,Orders & Shopping
Your order has been shipped,Orders & Shopping
Invoice for order #8849,Orders & Shopping
Your Amazon order has shipped.,Orders & Shopping
Your delivery is arriving today.,Orders & Shopping
Receipt for your recent purchase,Orders & Shopping
Your order has been shipped,Orders & Shopping
Invoice for order #8849,Orders & Shopping
Your Amazon order has shipped.,Orders & Shopping
Your delivery is arriving today.,Orders & Shopping
Receipt for your recent purchase,Orders & Shopping
Your order has been shipped,Orders & Shopping
Invoice for order #8849,Orders & Shopping
Your flight is confirmed for tomorrow morning.,Travel & Bookings
Hotel reservation confirmed,Travel & Bookings
Flight booking confirmed,Travel & Bookings
Your upcoming trip to New York,Travel & Bookings
Booking receipt,Travel & Bookings
Your flight is confirmed for tomorrow morning.,Travel & Bookings
Hotel reservation confirmed,Travel & Bookings
Flight booking confirmed,Travel & Bookings
Your upcoming trip to New York,Travel & Bookings
Booking receipt,Travel & Bookings
Your flight is confirmed for tomorrow morning.,Travel & Bookings
Hotel reservation confirmed,Travel & Bookings
Flight booking confirmed,Travel & Bookings
Your upcoming trip to New York,Travel & Bookings
Booking receipt,Travel & Bookings
Your flight is confirmed for tomorrow morning.,Travel & Bookings
Hotel reservation confirmed,Travel & Bookings
Flight booking confirmed,Travel & Bookings
Your upcoming trip to New York,Travel & Bookings
Booking receipt,Travel & Bookings
Your flight is confirmed for tomorrow morning.,Travel & Bookings
Hotel reservation confirmed,Travel & Bookings
Flight booking confirmed,Travel & Bookings
Your upcoming trip to New York,Travel & Bookings
Booking receipt,Travel & Bookings
Your flight is confirmed for tomorrow morning.,Travel & Bookings
Hotel reservation confirmed,Travel & Bookings
Flight booking confirmed,Travel & Bookings
Your upcoming trip to New York,Travel & Bookings
Booking receipt,Travel & Bookings
Your flight is confirmed for tomorrow morning.,Travel & Bookings
Hotel reservation confirmed,Travel & Bookings
Flight booking confirmed,Travel & Bookings
Your upcoming trip to New York,Travel & Bookings
Booking receipt,Travel & Bookings
Your flight is confirmed for tomorrow morning.,Travel & Bookings
Hotel reservation confirmed,Travel & Bookings
Flight booking confirmed,Travel & Bookings
Your upcoming trip to New York,Travel & Bookings
Booking receipt,Travel & Bookings
Your flight is confirmed for tomorrow morning.,Travel & Bookings
Hotel reservation confirmed,Travel & Bookings
Flight booking confirmed,Travel & Bookings
Your upcoming trip to New York,Travel & Bookings
Booking receipt,Travel & Bookings
Your flight is confirmed for tomorrow morning.,Travel & Bookings
Hotel reservation confirmed,Travel & Bookings
Flight booking confirmed,Travel & Bookings
Your upcoming trip to New York,Travel & Bookings
Booking receipt,Travel & Bookings
Your flight is confirmed for tomorrow morning.,Travel & Bookings
Hotel reservation confirmed,Travel & Bookings
Flight booking confirmed,Travel & Bookings
Your upcoming trip to New York,Travel & Bookings
Booking receipt,Travel & Bookings
Your flight is confirmed for tomorrow morning.,Travel & Bookings
Hotel reservation confirmed,Travel & Bookings
Flight booking confirmed,Travel & Bookings
Your upcoming trip to New York,Travel & Bookings
Booking receipt,Travel & Bookings
Your flight is confirmed for tomorrow morning.,Travel & Bookings
Hotel reservation confirmed,Travel & Bookings
Flight booking confirmed,Travel & Bookings
Your upcoming trip to New York,Travel & Bookings
Booking receipt,Travel & Bookings
Your flight is confirmed for tomorrow morning.,Travel & Bookings
Hotel reservation confirmed,Travel & Bookings
Flight booking confirmed,Travel & Bookings
Your upcoming trip to New York,Travel & Bookings
Booking receipt,Travel & Bookings
Your flight is confirmed for tomorrow morning.,Travel & Bookings
Hotel reservation confirmed,Travel & Bookings
Flight booking confirmed,Travel & Bookings
Your upcoming trip to New York,Travel & Bookings
Booking receipt,Travel & Bookings
Your flight is confirmed for tomorrow morning.,Travel & Bookings
Hotel reservation confirmed,Travel & Bookings
Flight booking confirmed,Travel & Bookings
Your upcoming trip to New York,Travel & Bookings
Booking receipt,Travel & Bookings
Your flight is confirmed for tomorrow morning.,Travel & Bookings
Hotel reservation confirmed,Travel & Bookings
Flight booking confirmed,Travel & Bookings
Your upcoming trip to New York,Travel & Bookings
Booking receipt,Travel & Bookings
Your flight is confirmed for tomorrow morning.,Travel & Bookings
Hotel reservation confirmed,Travel & Bookings
Flight booking confirmed,Travel & Bookings
Your upcoming trip to New York,Travel & Bookings
Booking receipt,Travel & Bookings
Your flight is confirmed for tomorrow morning.,Travel & Bookings
Hotel reservation confirmed,Travel & Bookings
Flight booking confirmed,Travel & Bookings
Your upcoming trip to New York,Travel & Bookings
Booking receipt,Travel & Bookings
Your flight is confirmed for tomorrow morning.,Travel & Bookings
Hotel reservation confirmed,Travel & Bookings
Flight booking confirmed,Travel & Bookings
Your upcoming trip to New York,Travel & Bookings
Booking receipt,Travel & Bookings
Security alert: new login,Security & Account
Your password was changed.,Security & Account
New login detected,Security & Account
Verify your email address,Security & Account
OTP for account login,Security & Account
Security alert: new login,Security & Account
Your password was changed.,Security & Account
New login detected,Security & Account
Verify your email address,Security & Account
OTP for account login,Security & Account
Security alert: new login,Security & Account
Your password was changed.,Security & Account
New login detected,Security & Account
Verify your email address,Security & Account
OTP for account login,Security & Account
Security alert: new login,Security & Account
Your password was changed.,Security & Account
New login detected,Security & Account
Verify your email address,Security & Account
OTP for account login,Security & Account
Security alert: new login,Security & Account
Your password was changed.,Security & Account
New login detected,Security & Account
Verify your email address,Security & Account
OTP for account login,Security & Account
Security alert: new login,Security & Account
Your password was changed.,Security & Account
New login detected,Security & Account
Verify your email address,Security & Account
OTP for account login,Security & Account
Security alert: new login,Security & Account
Your password was changed.,Security & Account
New login detected,Security & Account
Verify your email address,Security & Account
OTP for account login,Security & Account
Security alert: new login,Security & Account
Your password was changed.,Security & Account
New login detected,Security & Account
Verify your email address,Security & Account
OTP for account login,Security & Account
Security alert: new login,Security & Account
Your password was changed.,Security & Account
New login detected,Security & Account
Verify your email address,Security & Account
OTP for account login,Security & Account
Security alert: new login,Security & Account
Your password was changed.,Security & Account
New login detected,Security & Account
Verify your email address,Security & Account
OTP for account login,Security & Account
Security alert: new login,Security & Account
Your password was changed.,Security & Account
New login detected,Security & Account
Verify your email address,Security & Account
OTP for account login,Security & Account
Security alert: new login,Security & Account
Your password was changed.,Security & Account
New login detected,Security & Account
Verify your email address,Security & Account
OTP for account login,Security & Account
Security alert: new login,Security & Account
Your password was changed.,Security & Account
New login detected,Security & Account
Verify your email address,Security & Account
OTP for account login,Security & Account
Security alert: new login,Security & Account
Your password was changed.,Security & Account
New login detected,Security & Account
Verify your email address,Security & Account
OTP for account login,Security & Account
Security alert: new login,Security & Account
Your password was changed.,Security & Account
New login detected,Security & Account
Verify your email address,Security & Account
OTP for account login,Security & Account
Security alert: new login,Security & Account
Your password was changed.,Security & Account
New login detected,Security & Account
Verify your email address,Security & Account
OTP for account login,Security & Account
Security alert: new login,Security & Account
Your password was changed.,Security & Account
New login detected,Security & Account
Verify your email address,Security & Account
OTP for account login,Security & Account
Security alert: new login,Security & Account
Your password was changed.,Security & Account
New login detected,Security & Account
Verify your email address,Security & Account
OTP for account login,Security & Account
Security alert: new login,Security & Account
Your password was changed.,Security & Account
New login detected,Security & Account
Verify your email address,Security & Account
OTP for account login,Security & Account
Security alert: new login,Security & Account
Your password was changed.,Security & Account
New login detected,Security & Account
Verify your email address,Security & Account
OTP for account login,Security & Account
Please submit the document by Friday,Action Required
Action required: sign this form,Action Required
Signature requested,Action Required
Needs your attention right now,Action Required
Please review and approve,Action Required
Please submit the document by Friday,Action Required
Action required: sign this form,Action Required
Signature requested,Action Required
Needs your attention right now,Action Required
Please review and approve,Action Required
Please submit the document by Friday,Action Required
Action required: sign this form,Action Required
Signature requested,Action Required
Needs your attention right now,Action Required
Please review and approve,Action Required
Please submit the document by Friday,Action Required
Action required: sign this form,Action Required
Signature requested,Action Required
Needs your attention right now,Action Required
Please review and approve,Action Required
Please submit the document by Friday,Action Required
Action required: sign this form,Action Required
Signature requested,Action Required
Needs your attention right now,Action Required
Please review and approve,Action Required
Please submit the document by Friday,Action Required
Action required: sign this form,Action Required
Signature requested,Action Required
Needs your attention right now,Action Required
Please review and approve,Action Required
Please submit the document by Friday,Action Required
Action required: sign this form,Action Required
Signature requested,Action Required
Needs your attention right now,Action Required
Please review and approve,Action Required
Please submit the document by Friday,Action Required
Action required: sign this form,Action Required
Signature requested,Action Required
Needs your attention right now,Action Required
Please review and approve,Action Required
Please submit the document by Friday,Action Required
Action required: sign this form,Action Required
Signature requested,Action Required
Needs your attention right now,Action Required
Please review and approve,Action Required
Please submit the document by Friday,Action Required
Action required: sign this form,Action Required
Signature requested,Action Required
Needs your attention right now,Action Required
Please review and approve,Action Required
Please submit the document by Friday,Action Required
Action required: sign this form,Action Required
Signature requested,Action Required
Needs your attention right now,Action Required
Please review and approve,Action Required
Please submit the document by Friday,Action Required
Action required: sign this form,Action Required
Signature requested,Action Required
Needs your attention right now,Action Required
Please review and approve,Action Required
Please submit the document by Friday,Action Required
Action required: sign this form,Action Required
Signature requested,Action Required
Needs your attention right now,Action Required
Please review and approve,Action Required
Please submit the document by Friday,Action Required
Action required: sign this form,Action Required
Signature requested,Action Required
Needs your attention right now,Action Required
Please review and approve,Action Required
Please submit the document by Friday,Action Required
Action required: sign this form,Action Required
Signature requested,Action Required
Needs your attention right now,Action Required
Please review and approve,Action Required
Please submit the document by Friday,Action Required
Action required: sign this form,Action Required
Signature requested,Action Required
Needs your attention right now,Action Required
Please review and approve,Action Required
Please submit the document by Friday,Action Required
Action required: sign this form,Action Required
Signature requested,Action Required
Needs your attention right now,Action Required
Please review and approve,Action Required
Please submit the document by Friday,Action Required
Action required: sign this form,Action Required
Signature requested,Action Required
Needs your attention right now,Action Required
Please review and approve,Action Required
Please submit the document by Friday,Action Required
Action required: sign this form,Action Required
Signature requested,Action Required
Needs your attention right now,Action Required
Please review and approve,Action Required
Please submit the document by Friday,Action Required
Action required: sign this form,Action Required
Signature requested,Action Required
Needs your attention right now,Action Required
Please review and approve,Action Required
GitHub Action passed.,Updates & Notifications
Your monthly report is available,Updates & Notifications
System downtime notice,Updates & Notifications
Update regarding our privacy policy,Updates & Notifications
Service maintenance tomorrow,Updates & Notifications
GitHub Action passed.,Updates & Notifications
Your monthly report is available,Updates & Notifications
System downtime notice,Updates & Notifications
Update regarding our privacy policy,Updates & Notifications
Service maintenance tomorrow,Updates & Notifications
GitHub Action passed.,Updates & Notifications
Your monthly report is available,Updates & Notifications
System downtime notice,Updates & Notifications
Update regarding our privacy policy,Updates & Notifications
Service maintenance tomorrow,Updates & Notifications
GitHub Action passed.,Updates & Notifications
Your monthly report is available,Updates & Notifications
System downtime notice,Updates & Notifications
Update regarding our privacy policy,Updates & Notifications
Service maintenance tomorrow,Updates & Notifications
GitHub Action passed.,Updates & Notifications
Your monthly report is available,Updates & Notifications
System downtime notice,Updates & Notifications
Update regarding our privacy policy,Updates & Notifications
Service maintenance tomorrow,Updates & Notifications
GitHub Action passed.,Updates & Notifications
Your monthly report is available,Updates & Notifications
System downtime notice,Updates & Notifications
Update regarding our privacy policy,Updates & Notifications
Service maintenance tomorrow,Updates & Notifications
GitHub Action passed.,Updates & Notifications
Your monthly report is available,Updates & Notifications
System downtime notice,Updates & Notifications
Update regarding our privacy policy,Updates & Notifications
Service maintenance tomorrow,Updates & Notifications
GitHub Action passed.,Updates & Notifications
Your monthly report is available,Updates & Notifications
System downtime notice,Updates & Notifications
Update regarding our privacy policy,Updates & Notifications
Service maintenance tomorrow,Updates & Notifications
GitHub Action passed.,Updates & Notifications
Your monthly report is available,Updates & Notifications
System downtime notice,Updates & Notifications
Update regarding our privacy policy,Updates & Notifications
Service maintenance tomorrow,Updates & Notifications
GitHub Action passed.,Updates & Notifications
Your monthly report is available,Updates & Notifications
System downtime notice,Updates & Notifications
Update regarding our privacy policy,Updates & Notifications
Service maintenance tomorrow,Updates & Notifications
GitHub Action passed.,Updates & Notifications
Your monthly report is available,Updates & Notifications
System downtime notice,Updates & Notifications
Update regarding our privacy policy,Updates & Notifications
Service maintenance tomorrow,Updates & Notifications
GitHub Action passed.,Updates & Notifications
Your monthly report is available,Updates & Notifications
System downtime notice,Updates & Notifications
Update regarding our privacy policy,Updates & Notifications
Service maintenance tomorrow,Updates & Notifications
GitHub Action passed.,Updates & Notifications
Your monthly report is available,Updates & Notifications
System downtime notice,Updates & Notifications
Update regarding our privacy policy,Updates & Notifications
Service maintenance tomorrow,Updates & Notifications
GitHub Action passed.,Updates & Notifications
Your monthly report is available,Updates & Notifications
System downtime notice,Updates & Notifications
Update regarding our privacy policy,Updates & Notifications
Service maintenance tomorrow,Updates & Notifications
GitHub Action passed.,Updates & Notifications
Your monthly report is available,Updates & Notifications
System downtime notice,Updates & Notifications
Update regarding our privacy policy,Updates & Notifications
Service maintenance tomorrow,Updates & Notifications
GitHub Action passed.,Updates & Notifications
Your monthly report is available,Updates & Notifications
System downtime notice,Updates & Notifications
Update regarding our privacy policy,Updates & Notifications
Service maintenance tomorrow,Updates & Notifications
GitHub Action passed.,Updates & Notifications
Your monthly report is available,Updates & Notifications
System downtime notice,Updates & Notifications
Update regarding our privacy policy,Updates & Notifications
Service maintenance tomorrow,Updates & Notifications
GitHub Action passed.,Updates & Notifications
Your monthly report is available,Updates & Notifications
System downtime notice,Updates & Notifications
Update regarding our privacy policy,Updates & Notifications
Service maintenance tomorrow,Updates & Notifications
GitHub Action passed.,Updates & Notifications
Your monthly report is available,Updates & Notifications
System downtime notice,Updates & Notifications
Update regarding our privacy policy,Updates & Notifications
Service maintenance tomorrow,Updates & Notifications
GitHub Action passed.,Updates & Notifications
Your monthly report is available,Updates & Notifications
System downtime notice,Updates & Notifications
Update regarding our privacy policy,Updates & Notifications
Service maintenance tomorrow,Updates & Notifications
Limited time offer 90% off all designer items,Promotions & Marketing
Summer sale starts now!,Promotions & Marketing
Exclusive discount for you.,Promotions & Marketing
50% off this weekend,Promotions & Marketing
Buy one get one free at our store!,Promotions & Marketing
Limited time offer 90% off all designer items,Promotions & Marketing
Summer sale starts now!,Promotions & Marketing
Exclusive discount for you.,Promotions & Marketing
50% off this weekend,Promotions & Marketing
Buy one get one free at our store!,Promotions & Marketing
Limited time offer 90% off all designer items,Promotions & Marketing
Summer sale starts now!,Promotions & Marketing
Exclusive discount for you.,Promotions & Marketing
50% off this weekend,Promotions & Marketing
Buy one get one free at our store!,Promotions & Marketing
Limited time offer 90% off all designer items,Promotions & Marketing
Summer sale starts now!,Promotions & Marketing
Exclusive discount for you.,Promotions & Marketing
50% off this weekend,Promotions & Marketing
Buy one get one free at our store!,Promotions & Marketing
Limited time offer 90% off all designer items,Promotions & Marketing
Summer sale starts now!,Promotions & Marketing
Exclusive discount for you.,Promotions & Marketing
50% off this weekend,Promotions & Marketing
Buy one get one free at our store!,Promotions & Marketing
Limited time offer 90% off all designer items,Promotions & Marketing
Summer sale starts now!,Promotions & Marketing
Exclusive discount for you.,Promotions & Marketing
50% off this weekend,Promotions & Marketing
Buy one get one free at our store!,Promotions & Marketing
Limited time offer 90% off all designer items,Promotions & Marketing
Summer sale starts now!,Promotions & Marketing
Exclusive discount for you.,Promotions & Marketing
50% off this weekend,Promotions & Marketing
Buy one get one free at our store!,Promotions & Marketing
Limited time offer 90% off all designer items,Promotions & Marketing
Summer sale starts now!,Promotions & Marketing
Exclusive discount for you.,Promotions & Marketing
50% off this weekend,Promotions & Marketing
Buy one get one free at our store!,Promotions & Marketing
Limited time offer 90% off all designer items,Promotions & Marketing
Summer sale starts now!,Promotions & Marketing
Exclusive discount for you.,Promotions & Marketing
50% off this weekend,Promotions & Marketing
Buy one get one free at our store!,Promotions & Marketing
Limited time offer 90% off all designer items,Promotions & Marketing
Summer sale starts now!,Promotions & Marketing
Exclusive discount for you.,Promotions & Marketing
50% off this weekend,Promotions & Marketing
Buy one get one free at our store!,Promotions & Marketing
Limited time offer 90% off all designer items,Promotions & Marketing
Summer sale starts now!,Promotions & Marketing
Exclusive discount for you.,Promotions & Marketing
50% off this weekend,Promotions & Marketing
Buy one get one free at our store!,Promotions & Marketing
Limited time offer 90% off all designer items,Promotions & Marketing
Summer sale starts now!,Promotions & Marketing
Exclusive discount for you.,Promotions & Marketing
50% off this weekend,Promotions & Marketing
Buy one get one free at our store!,Promotions & Marketing
Limited time offer 90% off all designer items,Promotions & Marketing
Summer sale starts now!,Promotions & Marketing
Exclusive discount for you.,Promotions & Marketing
50% off this weekend,Promotions & Marketing
Buy one get one free at our store!,Promotions & Marketing
Limited time offer 90% off all designer items,Promotions & Marketing
Summer sale starts now!,Promotions & Marketing
Exclusive discount for you.,Promotions & Marketing
50% off this weekend,Promotions & Marketing
Buy one get one free at our store!,Promotions & Marketing
Limited time offer 90% off all designer items,Promotions & Marketing
Summer sale starts now!,Promotions & Marketing
Exclusive discount for you.,Promotions & Marketing
50% off this weekend,Promotions & Marketing
Buy one get one free at our store!,Promotions & Marketing
Limited time offer 90% off all designer items,Promotions & Marketing
Summer sale starts now!,Promotions & Marketing
Exclusive discount for you.,Promotions & Marketing
50% off this weekend,Promotions & Marketing
Buy one get one free at our store!,Promotions & Marketing
Limited time offer 90% off all designer items,Promotions & Marketing
Summer sale starts now!,Promotions & Marketing
Exclusive discount for you.,Promotions & Marketing
50% off this weekend,Promotions & Marketing
Buy one get one free at our store!,Promotions & Marketing
Limited time offer 90% off all designer items,Promotions & Marketing
Summer sale starts now!,Promotions & Marketing
Exclusive discount for you.,Promotions & Marketing
50% off this weekend,Promotions & Marketing
Buy one get one free at our store!,Promotions & Marketing
Limited time offer 90% off all designer items,Promotions & Marketing
Summer sale starts now!,Promotions & Marketing
Exclusive discount for you.,Promotions & Marketing
50% off this weekend,Promotions & Marketing
Buy one get one free at our store!,Promotions & Marketing
Limited time offer 90% off all designer items,Promotions & Marketing
Summer sale starts now!,Promotions & Marketing
Exclusive discount for you.,Promotions & Marketing
50% off this weekend,Promotions & Marketing
Buy one get one free at our store!,Promotions & Marketing
Happy birthday! Hope you have a great day.,Personal
"Hey, are we still meeting for lunch tomorrow?",Personal
Dinner this weekend?,Personal
Did you see the new movie that came out?,Personal
Mom's birthday party is this Saturday.,Personal
Happy birthday! Hope you have a great day.,Personal
"Hey, are we still meeting for lunch tomorrow?",Personal
Dinner this weekend?,Personal
Did you see the new movie that came out?,Personal
Mom's birthday party is this Saturday.,Personal
Happy birthday! Hope you have a great day.,Personal
"Hey, are we still meeting for lunch tomorrow?",Personal
Dinner this weekend?,Personal
Did you see the new movie that came out?,Personal
Mom's birthday party is this Saturday.,Personal
Happy birthday! Hope you have a great day.,Personal
"Hey, are we still meeting for lunch tomorrow?",Personal
Dinner this weekend?,Personal
Did you see the new movie that came out?,Personal
Mom's birthday party is this Saturday.,Personal
Happy birthday! Hope you have a great day.,Personal
"Hey, are we still meeting for lunch tomorrow?",Personal
Dinner this weekend?,Personal
Did you see the new movie that came out?,Personal
Mom's birthday party is this Saturday.,Personal
Happy birthday! Hope you have a great day.,Personal
"Hey, are we still meeting for lunch tomorrow?",Personal
Dinner this weekend?,Personal
Did you see the new movie that came out?,Personal
Mom's birthday party is this Saturday.,Personal
Happy birthday! Hope you have a great day.,Personal
"Hey, are we still meeting for lunch tomorrow?",Personal
Dinner this weekend?,Personal
Did you see the new movie that came out?,Personal
Mom's birthday party is this Saturday.,Personal
Happy birthday! Hope you have a great day.,Personal
"Hey, are we still meeting for lunch tomorrow?",Personal
Dinner this weekend?,Personal
Did you see the new movie that came out?,Personal
Mom's birthday party is this Saturday.,Personal
Happy birthday! Hope you have a great day.,Personal
"Hey, are we still meeting for lunch tomorrow?",Personal
Dinner this weekend?,Personal
Did you see the new movie that came out?,Personal
Mom's birthday party is this Saturday.,Personal
Happy birthday! Hope you have a great day.,Personal
"Hey, are we still meeting for lunch tomorrow?",Personal
Dinner this weekend?,Personal
Did you see the new movie that came out?,Personal
Mom's birthday party is this Saturday.,Personal
Happy birthday! Hope you have a great day.,Personal
"Hey, are we still meeting for lunch tomorrow?",Personal
Dinner this weekend?,Personal
Did you see the new movie that came out?,Personal
Mom's birthday party is this Saturday.,Personal
Happy birthday! Hope you have a great day.,Personal
"Hey, are we still meeting for lunch tomorrow?",Personal
Dinner this weekend?,Personal
Did you see the new movie that came out?,Personal
Mom's birthday party is this Saturday.,Personal
Happy birthday! Hope you have a great day.,Personal
"Hey, are we still meeting for lunch tomorrow?",Personal
Dinner this weekend?,Personal
Did you see the new movie that came out?,Personal
Mom's birthday party is this Saturday.,Personal
Happy birthday! Hope you have a great day.,Personal
"Hey, are we still meeting for lunch tomorrow?",Personal
Dinner this weekend?,Personal
Did you see the new movie that came out?,Personal
Mom's birthday party is this Saturday.,Personal
Happy birthday! Hope you have a great day.,Personal
"Hey, are we still meeting for lunch tomorrow?",Personal
Dinner this weekend?,Personal
Did you see the new movie that came out?,Personal
Mom's birthday party is this Saturday.,Personal
Happy birthday! Hope you have a great day.,Personal
"Hey, are we still meeting for lunch tomorrow?",Personal
Dinner this weekend?,Personal
Did you see the new movie that came out?,Personal
Mom's birthday party is this Saturday.,Personal
Happy birthday! Hope you have a great day.,Personal
"Hey, are we still meeting for lunch tomorrow?",Personal
Dinner this weekend?,Personal
Did you see the new movie that came out?,Personal
Mom's birthday party is this Saturday.,Personal
Happy birthday! Hope you have a great day.,Personal
"Hey, are we still meeting for lunch tomorrow?",Personal
Dinner this weekend?,Personal
Did you see the new movie that came out?,Personal
Mom's birthday party is this Saturday.,Personal
Happy birthday! Hope you have a great day.,Personal
"Hey, are we still meeting for lunch tomorrow?",Personal
Dinner this weekend?,Personal
Did you see the new movie that came out?,Personal
Mom's birthday party is this Saturday.,Personal
Happy birthday! Hope you have a great day.,Personal
"Hey, are we still meeting for lunch tomorrow?",Personal
Dinner this weekend?,Personal
Did you see the new movie that came out?,Personal
Mom's birthday party is this Saturday.,Personal
